날짜,이름
2025년 5월 8일,JSP 1일차 (목)
2025년 5월 9일,JSP 2일차 (금)
2025년 5월 12일,JSP 3일차 (월)
2025년 5월 13일,JSP 4일차 (화)
2025년 5월 14일,JSP 5일차 (수)
2025년 5월 15일,JSP 6일차 (목)
2025년 5월 16일,JSP 7일차 (금)
2025년 5월 19일,JSP 8일차 (월)
2025년 5월 20일,JSP 9일차 (화)
2025년 5월 21일,JSP 10일차 (수)
2025년 5월 22일,JSP 11일차 (목)
2025년 5월 23일,JSP 12일차 (금)
2025년 5월 23일,회원가입 로직
2025년 5월 26일,JSP 13일차 (월)
2025년 5월 27일,JSP 14일차 (화)
2025년 5월 28일,JSP 15일차 (수)
2025년 5월 29일,JSP 16일차 (목)
2025년 5월 30일,JSP 17일차 (금)
2025년 6월 2일,JSP 18일차 (월)
2025년 6월 4일,JSP 19일차 (수)
2025년 6월 5일,JSP 20일차 (목)
2025년 6월 9일,JSP 21일차 (월)
2025년 6월 10일,JSP 22일차 (화)
2025년 6월 11일,Spring Boot 1일차 (수)
2025년 6월 12일,Spring Boot 2일차 (목)
2025년 6월 13일,Spring Boot 3일차 (금)
2025년 6월 16일,Spring Boot 4일차 (월)
2025년 6월 17일,Spring Boot 5일차 (화)
2025년 6월 18일,Spring Boot 6일차 (수)
2025년 6월 19일,Spring Boot 7일차 (목)
2025년 6월 20일,Spring Boot 8일차 (금)
2025년 6월 23일,Spring Boot 9일차 (월)
2025년 6월 24일,Spring Boot 10일차 (화)
2025년 6월 25일,Spring Boot 11일차 (수)
2025년 6월 26일,Spring Boot 12일차 (목)
2025년 6월 27일,Spring Boot 13일차 (금)